<assembly
  xmlns="http://maven.apache.org/plugins/maven-assembly-plugin/assembly/3.1.0"
  xmlns:xsi="http://www.w3.org/2001/XMLSchema-instance"
  xsi:schemaLocation="http://maven.apache.org/plugins/maven-assembly-plugin/assembly/3.1.0 http://maven.apache.org/xsd/assembly-3.1.0.xsd">
  <id>no-tests</id>
  <formats>
    <format>zip</format>
  </formats>
  <includeBaseDirectory>false</includeBaseDirectory>
  <fileSets>
    <fileSet>
      <useDefaultExcludes>false</useDefaultExcludes>
      <includes>
        <include>LICENSE</include>
        <include>README.md</include>
        <include>pom.xml</include>
        <include>.gitignore</include>
      </includes>
    </fileSet>
    <fileSet>
      <includes>
        <include>src/main/**</include>
        <include>src/test/**</include>
        <include>src/assembly/**</include>
        <include>docs/**</include>
        <include>etc/**</include>
      </includes>
    </fileSet>
  </fileSets>
</assembly>
